ds_rank,ID
1,129
2,153
3,299
4,320
5,260
6,233
7,276
8,223
9,189
10,141
11,181
12,202
13,95
14,254
15,82
16,247
17,146
18,268
19,178
20,119
21,249
22,47
23,274
24,221
25,271
26,216
27,251
28,226
29,206
30,102
31,234
32,232
33,246
34,282
35,314
36,120
37,80
38,293
39,319
40,39
41,324
42,213
43,52
44,84
45,69
46,75
47,217
48,41
49,114
50,285
51,266
52,128
53,107
54,195
55,117
56,160
57,165
58,207
59,155
60,214
61,186
62,68
63,306
64,92
65,187
66,142
67,301
68,127
69,99
70,259
71,237
72,59
73,194
74,295
75,311
76,29
77,241
78,67
79,317
80,248
81,159
82,97
83,242
84,113
85,38
86,135
87,74
88,9
89,30
90,20
91,300
92,31
93,184
94,212
95,138
96,209
97,205
98,256
99,24
100,313
101,172
102,287
103,163
104,156
105,154
106,227
107,245
108,152
109,18
110,231
111,2
112,28
113,219
114,253
115,89
116,290
117,151
118,58
119,225
120,312
121,48
122,157
123,198
124,79
125,257
126,158
127,179
128,137
129,106
130,126
131,22
132,130
133,318
134,255
135,70
136,7
137,145
138,162
139,175
140,176
141,147
142,323
143,72
144,258
145,239
146,243
147,322
148,230
149,46
150,132
151,71
152,297
153,167
154,211
155,288
156,185
157,261
158,286
159,108
160,56
161,44
162,104
163,263
164,45
165,53
166,55
167,296
168,115
169,166
170,21
171,36
172,32
173,197
174,229
175,191
176,222
177,78
178,25
179,321
180,33
181,27
182,60
183,66
184,200
185,37
186,88
187,204
188,250
189,315
190,19
191,40
192,150
193,284
194,269
195,298
196,291
197,309
198,224
199,267
200,196
201,35
202,65
203,140
204,133
205,73
206,109
207,50
208,98
209,294
210,6
211,91
212,116
213,201
214,215
215,96
216,307
217,188
218,87
219,34
220,265
221,123
222,316
223,161
224,305
225,10
226,238
227,83
228,235
229,122
230,283
231,210
232,149
233,177
234,26
235,308
236,144
237,17
238,134
239,112
240,101
241,240
242,270
243,203
244,103
245,118
246,94
247,111
248,93
249,183
250,182
251,57
252,173
253,61
254,199
255,124
256,310
257,42
258,76
259,13
260,193
261,169
262,190
263,292
264,170
265,15
266,208
267,148
268,23
269,110
270,1
271,218
272,54
273,139
274,43
275,280
276,77
277,281
278,143
279,125
280,63
281,302
282,85
283,273
284,121
285,90
286,12
287,180
288,86
289,252
290,244
291,81
292,131
293,3
294,64
295,303
296,100
297,164
298,16
299,4
300,272
301,289
302,277
303,49
304,14
305,228
306,51
307,5
308,275
309,105
310,62
311,304
312,279
313,11
314,8
315,236
316,264
317,168
318,220
319,278
320,262
321,136
322,192
323,171
324,174
