sm_rank,ID
1,299
2,293
3,82
4,56
5,256
6,226
7,153
8,178
9,101
10,251
11,102
12,320
13,282
14,260
15,271
16,221
17,194
18,223
19,238
20,84
21,159
22,207
23,72
24,32
25,213
26,285
27,46
28,152
29,29
30,181
31,182
32,97
33,215
34,189
35,234
36,135
37,119
38,50
39,202
40,297
41,276
42,241
43,155
44,312
45,188
46,160
47,79
48,149
49,25
50,156
51,45
52,158
53,187
54,219
55,314
56,69
57,162
58,146
59,323
60,217
61,154
62,128
63,27
64,74
65,222
66,246
67,77
68,70
69,120
70,59
71,191
72,137
73,290
74,147
75,216
76,306
77,255
78,134
79,47
80,165
81,41
82,186
83,35
84,249
85,272
86,115
87,83
88,107
89,286
90,58
91,91
92,206
93,92
94,274
95,31
96,209
97,179
98,175
99,96
100,243
101,319
102,111
103,93
104,63
105,22
106,211
107,317
108,117
109,176
110,225
111,38
112,177
113,126
114,87
115,267
116,26
117,123
118,265
119,1
120,263
121,321
122,197
123,214
124,212
125,247
126,292
127,104
128,138
129,283
130,109
131,113
132,227
133,103
134,94
135,184
136,190
137,258
138,180
139,157
140,315
141,28
142,261
143,33
144,133
145,233
146,204
147,57
148,203
149,253
150,295
151,224
152,239
153,52
154,205
155,65
156,169
157,218
158,305
159,310
160,298
161,275
162,245
163,145
164,112
165,318
166,81
167,281
168,257
169,301
170,150
171,174
172,3
173,23
174,201
175,294
176,304
177,143
178,228
179,2
180,173
181,132
182,193
183,170
184,183
185,12
186,121
187,316
188,284
189,51
190,240
191,244
192,124
193,236
194,105
195,43
196,125
197,144
198,164
199,185
200,20
201,148
202,139
203,303
204,199
205,235
206,100
207,270
208,171
209,108
210,15
211,262
212,61
213,252
214,278
215,136
216,279
217,192
