true_rank,ID
1,233
2,260
3,271
4,82
5,322
6,286
7,198
8,254
9,130
10,213
11,299
12,127
13,202
14,246
15,142
16,99
17,2
18,189
19,24
20,290
21,272
22,268
23,141
24,153
25,234
26,276
27,226
28,250
29,217
30,324
31,206
32,159
33,107
34,120
35,163
36,216
37,79
38,97
39,320
40,287
41,101
42,129
43,135
44,92
45,38
46,251
47,36
48,67
49,249
50,134
51,70
52,282
53,102
54,191
55,223
56,39
57,313
58,30
59,158
60,71
61,293
62,21
63,7
64,154
65,160
66,285
67,221
68,162
69,155
70,219
71,195
72,314
73,146
74,176
75,258
76,59
77,181
78,128
79,126
80,29
81,205
82,75
83,33
84,9
85,46
86,119
87,194
88,318
89,274
90,312
91,68
92,110
93,149
94,256
95,17
96,225
97,95
98,231
99,137
100,306
101,241
102,138
103,200
104,44
105,69
106,31
107,35
108,52
109,295
110,80
111,18
112,229
113,263
114,22
115,48
116,103
117,259
118,196
119,45
120,232
121,72
122,207
123,40
124,167
125,168
126,11
127,255
128,311
129,248
130,156
131,53
132,25
133,227
134,319
135,111
136,78
137,243
138,257
139,266
140,187
141,267
142,321
143,104
144,291
145,56
146,55
147,83
148,186
149,297
150,166
151,172
152,41
153,224
154,65
155,239
156,27
157,43
158,211
159,197
160,84
161,152
162,13
163,74
164,244
165,199
166,307
167,19
168,88
169,310
170,58
171,203
172,85
173,117
174,179
175,66
176,269
177,112
178,165
179,114
180,151
181,317
182,240
183,115
184,301
185,309
186,323
187,150
188,210
189,218
190,298
191,261
192,242
193,157
194,50
195,147
196,175
197,315
198,123
199,63
200,47
201,212
202,230
203,305
204,273
205,238
206,280
207,91
208,237
209,96
210,148
211,26
212,270
213,32
214,6
215,124
216,294
217,296
218,209
219,215
220,143
221,184
222,77
223,122
224,214
225,42
226,201
227,76
228,140
229,253
230,34
231,3
232,302
233,106
234,37
235,171
236,247
237,81
238,300
239,23
240,87
241,133
242,288
243,105
244,20
245,180
246,222
247,169
248,28
249,173
250,94
251,174
252,125
253,161
254,60
255,281
256,54
257,118
258,145
259,116
260,183
261,73
262,89
263,61
264,178
265,185
266,170
267,139
268,131
269,64
270,15
271,108
272,275
273,308
274,204
275,316
276,265
277,121
278,93
279,284
280,1
281,113
282,208
283,12
284,109
285,98
286,188
287,182
288,292
289,245
290,193
291,164
292,190
293,220
294,144
295,277
296,49
297,283
298,235
299,10
300,57
301,4
302,5
303,236
304,177
305,262
306,303
307,86
308,279
309,90
310,132
311,278
312,16
313,100
314,136
315,8
316,228
317,51
318,289
319,62
320,264
321,304
322,192
323,252
324,14
